,Item Name,Price
0,Nvidia Quadro P5000 16GB DDR5 Video Graphics Card,£299.99
1,New listingSAPPHIRE Radeon RX 580 8GB GDDR5 Graphics Card,£64.99
2,MSI GeForce GTX 1050Ti AERO ITX 4G OCV1 Graphics Card 4GB GDDR5,£36.01
3,Dell AMD Radeon R7 450 4GB 2xDisplay Ports PCIE Low Profile Graphics Card,£29.74
4,Palit NVIDIA GeForce GTX 1050ti GDDR5 4GB Graphics Card (NE5105T018G11070F),£0.99
5,AMD Radeon Pro WX 3100 4GB GDDR5 Workstation Graphics Card Low Profile SFF,£32.95
6,AMD Radeon HD 2400 256mb Half-height PCIe graphic card,£0.99
7,New listingASUS Dual RX 5700 XT 8GB DDR6 Graphics Card,£144.00
8,Dell AMD Radeon R7 450 4GB 2xDisplay Ports PCIE Low Profile Graphics Card,£29.74
9,NVidia Quadro NVS 295 PCI Express Graphics Video Card Dual Display Port,£9.89
10,Dell AMD Radeon RX550 4GB PCIE Mini DispPort x2/DispPort Low Prof Graphics Card,£50.99
11,ASUS Radeon RX 560 Dual Graphics Card 4GB GDDR5 HDMI DisplayPort,£54.99
12,Dell AMD Radeon R7 350X 4 GB DVI/DisplayPort PCIE Low Profile Graphics Card,£29.99
13,ATI FirePro 2450 Multi-View 512MB PCIE x1 Quad Monitor Windows 7 Graphics Card,£39.99
14,Graphics Card GPU Magnetic Support Bracket Holder Brace - Black,£4.95
15,EVGA Geforce GTX 750 Ti - 2GB GDDR5 - Graphics Card (OFFERS WELCOME),£35.00
16,nvidia geforce gtx 1070 8gb graphics card,£74.00
17,New listingASUS NVIDIA Graphics Card GeForce GTX 960 TURBO OC-2GD5 - NO FAN/SHROUD,£30.00
18,New listingMSI GTX970 Graphics Card,£12.00
19,New listingMSI GeForce GT610 1GB GDDR3 N610-1GD3H/LPV1 Graphic Card,£15.99
20,MSI GeForce RTX 3060 12GB VENTUS 2X OC Ampere Graphics Card,£302.20
21,XFX AMD Radeon RX 6750 XT Speedster QICK 319 Graphics Card for Gaming - 12GB,£332.20
22,XFX Radeon RX 6800 16GB SWFT 319 Graphics Card,£413.50
23,MSI GEFORCE RTX 3050 LP 6G OC graphics card NVIDIA 6 GB GDDR6,£238.23
24,New listingASUS GeForce GTX 750 Ti 2GB GDDR5 Graphics Card (GTX750TI-OC-2GD5),£30.00
25,New listingASUS GeForce GTX 1070 TURBO GDDR5 8GB Graphics Card (TURBO-GTX1070-8G),£90.00
26,Dell AMD Radeon R5 430 2GB DisplayPort/DVI Low Profile Graphics Card PN: 0F8PX,£12.99
27,Gigabyte Nvidia GeForce GTX 1080 G1 Gaming 8GB Graphics Card,£100.00
28,PNY Nvidia Quadro K2200 - 4GB GDDR5 - Graphics Card,£22.39
29,AMD RADEON R7 240 2GD3 LP DVI HDMI PCI EXPRESS 3.0 VIDEO GRAPHICS CARD,£17.99
30,AMD Radeon PRO W6400 4GB GDDR6 Graphics Card,£85.00
31,"GT710-204811  DDR3 64bit PCIe 2.0 DVI, VGA, HDMI Video Graphic Card",£13.99
32,New listingASUS NVIDIA GEFORCE GTX 760 2 GB DDR5 Twin Frozr Fan PCI-E Gaming Graphics Card,£39.00
33,AMD FirePro W5100 W2C47 4GB GDDR5 PCIe Graphics Card (Display Port x 4),£19.99
34,SAPPHIRE PULSE Radeon RX 6600 8GB GDDR6 Graphics Card (11310-01-20G),£149.68
35,Msi Geforce GT 710 | Sapphire R9 270 2G (x2) Lot of 3 Graphics Cards Untested,£29.99
36,Gigabyte Graphics Card GV-N1656OC-4GD 2.0 GeForce GTX 1650  V2,£207.74
37,Gigabyte Graphics Card Radeon RX 7600 GAMING OC 8G,£368.99
38,SAPPHIRE NITRO+ Radeon RX 580 4GB GDDR5 Graphics Card (11265-07-20G),£59.08
39,Palit Graphics Card GeForce RTX 3050 StormX    NE6018P1-1070F,£269.07
40,New listingMSI NVIDIA GeForce RTX 2060 6GB GDDR6 Graphics Card,£140.00
41,New listingNvidia RTX 2080 Ti GPU Graphics Card With EK waterblock PC,£1.20
42,New listingnvidia geforce gtx 970 4gb graphics card,£0.99
43,New listingMSI GT 1030 LP OC 2GB Gddr5 Low Profile graphics card,£15.00
44,eVGA NVIDIA GeForce GTX 970 (4096 MB) Graphics Card,£27.00
45,New listingAMD Radeon RX 570 4GB GDDR5 OC Sapphire NITRO Graphics Card,£49.00
46,Asrock Intel Arc A310 Low Profile 4GB GDDR6,£132.90
47,MSI Wireless Graphics Card GeForce GT 1030    2GHD4 LP OC,£97.18
48,4GB Gigabyte AMD Radeon RX 460 GDDR5 DVI / DP / HDMI PCI-e Graphics Video Card,£47.99
49,New listingASUS NVIDIA GeForce RTX 2070 SUPER Dual EVO OC 6GB GDDR6 Graphics Card...,£165.00
50,New listingNVIDIA GeForce RTX 3070 Founders Edition 8GB GDDR6 GDDR6 Graphics Card,£255.00
51,New listingZOTAC GAMING GeForce RTX 3060 Ti Twin Edge LHR 8GB GDDR6 Graphics Card,£91.00
52,Gigabyte Graphics Card,£85.00
53,NVIDIA RTX A6000 48GB GDDR6 Graphics Card PNY,"£2,100.00"
54,New listing[USED] MSI RADEON RX 580 8G ARMOR OC Gaming Graphics Card GPU,£75.00
55,Dell AMD Radeon RX550 4GB PCIE Mini DispPort x2/DispPort Low Prof Graphics Card,£50.99
56,New listingGigabyte NVIDIA GeForce GTX 1070 WINDFORCE Graphics Card 8GB GDDR6,£75.00
57,New listingAMD RX 580 4GB - GIGABYTE Graphics Card,£50.00
58,GIGABYTE NVIDIA GeForce GTX 1070 G1 Gaming 8GB GDDR5 Graphics Card,£60.00
59,New listingSAPPHIRE NITRO+ Radeon RX 6700 XT 12GB GDDR6 Graphics Card,£260.00
60,AMD FirePro W2100 2GB DDR3 DisplayPort PCIe Graphics Card,£10.00
61,New listingGigabyte RTX 2060 GAMING OC 6GB graphics card,£50.00
62,Sapphire Radeon R9 280X Vapor-X  (3GB) Graphics Card,£20.00
63,GTX 1050 MSI Low Profile Graphic Card GPU Nvidia,£69.99
64,New listingASUS EN7600GT/2DHT/256M Graphics Card EN7600GT,£20.00
65,SAPPHIRE NITRO+ Radeon RX 580 4GB GDDR5 Graphics Card (11265-07-20G),£19.17
66,ASUS GeForce GTX970 4GB 1664SP GDDR5 PCI-E Graphics Video Card DVI DP HDMI,£40.00
67,ASUS RTX 2070 OC Edition Dual Mini 8GB GPU / Graphics Card,£160.00
68,ASUS Nvidia GTX 1060 DUAL-GTX1060-06G Graphics Card,£44.99
69,New listing2 GeForce GTX285 graphics cards And Sound Blaster Card,£16.50
70,Dell AMD Radeon R7 350X 4 GB DVI/DisplayPort PCIE Low Profile Graphics Card,£29.99
71,New listingEVGA GeForce RTX 2080 TI Black Edition 11GB GDDR6 Graphics Card,£265.00
72,New listingGIGABYTE GeForce RTX 3070 GAMING OC 8GB GDDR6 Graphics Card -3,£289.99
73,New listingGigabyte Nvidia GeForce RTX 4070 Eagle OC 12GB Raytracing VR DLSS Graphics card,£469.99
74,EVGA GeForce GT 1030 2GB GDDR5 Passive Cooling Graphics Card,£38.99
75,ASUS Radeon (128 MB) (A9250TD128MA) AGP Graphics CardCharity item,£0.99
76,NVIDIA GTX Titan X 12GB Maxwell Graphics Card for Apple Mac Pro 5.1 PG600,£85.00
77,Nvidia Quadro K1200  4GB GDDR5 Graphics Card 4x Mini DisplayPort - 4 screens,£44.99
78,SAPPHIRE Nitro AMD Radeon RX 570 8GB GDDR5 Graphics Card SKU# 11266-09,£50.00
79,Gigabyte Graphics Card GeForce RTX 4060 EAGLE OC 8G,£406.99
80,Gigabyte Graphics Card GeForce RTX 4060 AERO OC 8G,£441.15
