Title, Price, Shipping
GIGABYTE GeForce RTX 4060 WINDFORCE OC 8G Graphics Card| 2x WINDFORCE Fans| 8GB 128-bit GDDR6| GV-N4060WF2OC-8GD  Video Card,299.99,Free Shipping
SOYO RX 6600M 8GB Graphics Card GDDR6 128Bit PCI-E 4.0×8 8Pin GPU RX6600M Desktop components PC Gaming Video Cards,199.99,$10.23 Shipping
GIGABYTE GeForce RTX 4070 GAMING OC V2 12G Graphics Card| 3x WINDFORCE Fans| 12GB 192-bit GDDR6X| GV-N4070GAMING OCV2-12GD Video Card,549.99,Free Shipping
BIOSTAR NEW GeForce RTX 3080 10GB GDDR6X PCI Express 4.0 Graphics Card NVIDIA RTX 3080 10GB Gaming Video Card 8Pin GPU Gamer,589.00,Free Shipping
GIGABYTE GeForce RTX 4070 SUPER WINDFORCE OC 12G Graphics Card| 3x WINDFORCE Fans| 12GB 192-bit GDDR6X| GV-N407SWF3OC-12GD  Video Card,599.99,Free Shipping
PNY GeForce RTX 4080 SUPER 16GB VERTO Overclocked Triple Fan DLSS 3 VCG4080S16TFXPB1-O,979.99,Free Shipping
MSI Ventus GeForce RTX 3060 12GB GDDR6 PCI Express 4.0 Video Card RTX 3060 Ventus 2X 12G OC,289.99,Free Shipping
ASRock Challenger Radeon RX 7700 XT 12GB GDDR6 PCI Express 4.0 x16 ATX Video Card RX7700XT CL 12GO,374.99,Free Shipping
SOYO Graphics Cards  RX470 4G GDDR5 256bit  Video Card HDMI+DP+DVI For Desktop Gaming Computer components GPU RX 470,65.90,Free Shipping
GIGABYTE Radeon RX 6600 EAGLE 8G Graphics Card| WINDFORCE 3X Cooling System| 8GB 128-bit GDDR6| GV-R66EAGLE-8GD Video Card,199.99,Free Shipping
ASUS TUF Gaming NVIDIA GeForce RTX 4070 Ti SUPER OC Edition Gaming Graphics Card (PCIe 4.0| 16GB GDDR6X| HDMI 2.1a| DisplayPort 1.4a) TUF-RTX4070TIS-O16G-GAMING,824.99,Free Shipping
SOYO Original RX580 8G Graphics Cards GDDR5 Memory Video Gaming Card PCIE3.0x16 HDMI DP DVI for Desktop Computer,99.00,$10.23 Shipping
XFX QICKSILVER Magnetic Air Radeon RX 7800 XT 16GB GDDR6 PCI Express 4.0 x16 ATX Video Card RX-78TMAIRF9,529.99,Free Shipping
Yeston Radeon R7 350-4G 6HDMI 4GB 128bit GDDR5 800MHz 512processors PCIExpress 3.0*16 video cards 6 Screen Graphics Card  DirectX12 6*HDMI compatible graphics card of Desktop,189.00,Free Shipping
SRhonyra AMD RX 580 8GB Gaming graphics card 2048SP GDDR5  256Bit PCI Express 3.0 x16 6Pin Gaming Video Card Mining GPU Gaming GPU with HDMI DP DVI Port,92.00,Free Shipping
XFX MERCURY Magnetic Air Radeon RX 7900 XTX 24GB GDDR6 PCI Express 4.0 x16 Video Card RX-79XMAIRB9,979.99,Free Shipping
SOYO RX 6600XT Graphics Card 8G GDDR6 Video Memory 128 Bit PCIE4.0*8 DP Gaming Video Card Full New Desktop GPU,239.99,$10.23 Shipping
XFX QICKSILVER Magnetic Air Radeon RX 7800 XT 16GB GDDR6 PCI Express 4.0 x16 ATX Video Card RX-78TMAIRW9,529.99,$10.63 Shipping
SAPPHIRE PULSE Radeon RX 7900 XT 20GB GDDR6 PCI Express 4.0 x16 ATX Video Card 11323-02-20G,699.99,Free Shipping
SOYO Graphics Card GPU RX 470 4G GDDR5 256Bit 14nm Computer PC RX470 PCI-E 3.0 Gaming Video Cards Full New,75.90,$10.23 Shipping
GIGABYTE GeForce GT 1030 Low Profile 2GB| GV-N1030D5-2GL,104.99,Free Shipping
MSI Ventus GeForce RTX 4060 8GB GDDR6 PCI Express 4.0 x8 ATX Video Card RTX 4060 VENTUS 2X BLACK 8G OC,293.00,Free Shipping
Yeston Radeon RX 7900 XTX 24GD6 GDDR6 384bit 5nm video cards Desktop computer PC Video Graphics Cards support PCI-Express 4.0 3*DP+1*HDMI-compatible RGB light effect Fragrant graphics card,979.00,Free Shipping
ASRock Steel Legend Radeon RX 7900 GRE 16GB GDDR6 PCI Express 4.0 ATX Video Card RX7900GRE SL 16GO,549.99,Free Shipping
GIGABYTE WINDFORCE GeForce RTX 4070 12GB GDDR6X PCI Express 4.0 x16 ATX Video Card GV-N4070WF3OC-12GD,549.99,Free Shipping
ASRock Challenger Radeon RX 7900 GRE 16GB GDDR6 PCI Express 4.0 ATX Video Card RX7900GRE CL 16GO,549.99,Free Shipping
MSI Ventus GeForce RTX 3050 6GB GDDR6 PCI Express 4.0 x8 ATX Video Card RTX 3050 VENTUS 2X 6G OC,169.99,Free Shipping
ZOTAC GAMING GeForce RTX 4080 SUPER Trinity OC White Edition DLSS 3 16GB GDDR6X 256-bit 23 Gbps PCIE 4.0 Gaming Graphics Card| IceStorm 2.0 Advanced Cooling| SPECTRA RGB Lighting| ZT-D40820Q-10P,1,079.99,Free Shipping
XFX SPEEDSTER SWFT319 AMD Radeon RX 6800 CORE Gaming Graphics Card,389.99,Free Shipping
ASUS Dual GeForce RTX 4070 SUPER EVO OC Edition 12GB GDDR6X (PCIe 4.0| 12GB GDDR6X| DLSS 3| HDMI 2.1a| DisplayPort 1.4a| 2.5-slot design| Axial-tech fan design| 0dB technology) DUAL-RTX4070S-O12G-EVO,599.99,Free Shipping
SAPPHIRE PULSE Radeon RX 7900 GRE 16GB GDDR6 PCI Express 4.0 x16 ATX Video Card 11325-04-20G,549.99,Free Shipping
PowerColor Fighter Radeon RX 6600 XT 8GB GDDR6 PCI Express 4.0 ATX Video Card 6600XT 8GBD6-3DH,219.99,Free Shipping
XFX SPEEDSTER QICK319 RADEON RX 6750 XT CORE Gaming Graphics Card,349.99,Free Shipping
ZOTAC GAMING GeForce RTX 4060 Ti 16GB AMP DLSS 3 16GB GDDR6 128-bit 18 Gbps PCIE 4.0 Compact Gaming Graphics Card| IceStorm 2.0 Advanced Cooling| SPECTRA RGB Lighting| ZT-D40620F-10M,449.99,Free Shipping
Yeston Radeon RX 7900 XTX 24GD6 GDDR6 384bit 5nm video cards Desktop computer PC Video Graphics Cards support PCI-Express 4.0 3*DP+1*HDMI-compatible RGB light effect Fragrant graphics card,979.00,Free Shipping
NVIDIA GeForce RTX 4090 Founders Edition Graphics Card 24GB GDDR6X - Titanium and Black,2,439.00,Free Shipping
PNY GeForce RTX 4090 24GB XLR8 Gaming VERTO EPIC-X RGB Overclocked Triple Fan DLSS 3 VCG409024TFXXPB1-O,1,749.99,Free Shipping
PNY GeForce RTX 4070 Ti SUPER 16GB VERTO Overclocked Triple Fan DLSS 3 VCG4070TS16TFXXPB1-O,809.99,Free Shipping
PowerColor Hellhound Radeon RX 7800 XT 16GB GDDR6 PCI Express 4.0 x16 ATX Video Card RX7800XT 16G-L/OC,519.99,Free Shipping
Refurbished NVIDIA GeForce RTX 3080 Founders Edition GDDR6X RTX 3080 FE Video Card,499.97,Free Shipping
ASRock Radeon RX 6600 8GB GDDR6 PCI Express 4.0 Video Card RX6600 CLD 8G,199.99,Free Shipping
MSI Ventus GeForce RTX 3080 10GB GDDR6X PCI Express 4.0 Video Card RTX 3080 VENTUS 3X PLUS 10G OC LHR,899.99,$35.00 Shipping
MSI Ventus GeForce RTX 3060 12GB GDDR6 PCI Express 4.0 Video Card RTX 3060 Ventus 3X 12G OC,299.99,Free Shipping
ASUS TUF Gaming GeForce RTX 4090 OC Edition Gaming Graphics Card (PCIe 4.0| 24GB GDDR6X| HDMI 2.1a| DisplayPort 1.4a) TUF-RTX4090-O24G-GAMING,UnkownUnkown,
